,id,release_date,movie,production_budget,domestic_gross,worldwide_gross,return_on_investment,year
1,2,2011-05-20,Pirates of the Caribbean: On Stranger Tides,410600000,241063875,1045663875,2.546672856794934,2011
3,4,2015-05-01,Avengers: Age of Ultron,330600000,459005868,1403013963,4.243841388384755,2015
4,5,2017-12-15,Star Wars Ep. VIII: The Last Jedi,317000000,620181382,1316721747,4.153696362776025,2017
5,6,2015-12-18,Star Wars Ep. VII: The Force Awakens,306000000,936662225,2053311220,6.710167385620915,2015
6,7,2018-04-27,Avengers: Infinity War,300000000,678815482,2048134200,6.827114,2018
8,9,2017-11-17,Justice League,300000000,229024295,655945209,2.18648403,2017
9,10,2015-11-06,Spectre,300000000,200074175,879620923,2.9320697433333334,2015
10,11,2012-07-20,The Dark Knight Rises,275000000,448139099,1084439099,3.9434149054545453,2012
16,17,2016-05-06,Captain America: Civil War,250000000,408084349,1140069413,4.560277652,2016
17,18,2016-03-25,Batman v Superman: Dawn of Justice,250000000,330360194,867500281,3.470001124,2016
18,19,2012-12-14,The Hobbit: An Unexpected Journey,250000000,303003568,1017003568,4.068014272,2012
20,21,2013-12-13,The Hobbit: The Desolation of Smaug,250000000,258366855,960366855,3.84146742,2013
21,22,2014-12-17,The Hobbit: The Battle of the Five Armies,250000000,255119788,945577621,3.782310484,2014
22,23,2017-04-14,The Fate of the Furious,250000000,225764765,1234846267,4.939385068,2017
24,25,2017-05-26,Pirates of the Caribbean: Dead Men Tell No Tales,230000000,172558876,788241137,3.4271353782608696,2017
26,27,2012-05-04,The Avengers,225000000,623279547,1517935897,6.746381764444444,2012
28,29,2013-06-14,Man of Steel,225000000,291045518,667999518,2.9688867466666666,2013
30,31,2012-07-03,The Amazing Spider-Man,220000000,262030663,757890267,3.444955759090909,2012
32,33,2017-06-21,Transformers: The Last Knight,217000000,130168683,602893340,2.778310322580645,2017
33,34,2015-06-12,Jurassic World,215000000,652270625,1648854864,7.669092390697674,2015
34,35,2012-05-25,Men in Black 3,215000000,179020854,654213485,3.042853418604651,2012
36,37,2014-06-27,Transformers: Age of Extinction,210000000,245439076,1104039076,5.2573289333333335,2014
41,42,2018-02-16,Black Panther,200000000,700059566,1348258224,6.74129112,2018
43,44,2018-06-15,Incredibles 2,200000000,608581744,1242520711,6.212603555,2018
44,45,2016-12-16,Rogue One: A Star Wars Story,200000000,532177324,1049102856,5.24551428,2016
45,46,2016-06-17,Finding Dory,200000000,486295561,1021215193,5.106075965,2016
47,48,2013-05-03,Iron Man 3,200000000,408992272,1215392272,6.07696136,2013
48,49,2017-05-05,Guardians of the Galaxy Vol 2,200000000,389813101,862316233,4.311581165,2017
51,52,2012-11-08,Skyfall,200000000,304360277,1110526981,5.552634905,2012
52,53,2013-06-21,Monsters University,200000000,268488329,743588329,3.717941645,2013
53,54,2013-03-08,Oz the Great and Powerful,200000000,234770996,490359051,2.451795255,2013
54,55,2014-05-23,X-Men: Days of Future Past,200000000,233921534,747862775,3.739313875,2014
55,56,2014-05-02,The Amazing Spider-Man 2,200000000,202853933,708996336,3.54498168,2014
56,57,2011-06-24,Cars 2,200000000,191450875,560155383,2.800776915,2011
59,60,2018-11-16,Fantastic Beasts: The Crimes of Grindelwald,200000000,159555901,652220086,3.26110043,2018
63,64,2011-06-29,Transformers: Dark of the Moon,195000000,352390543,1123790543,5.763028425641026,2011
64,65,2017-06-09,The Mummy,195000000,80101125,409953905,2.102327717948718,2017
66,67,2015-04-03,Furious 7,190000000,353007020,1518722794,7.9932778631578945,2015
67,68,2013-05-16,Star Trek Into Darkness,190000000,228778661,467381584,2.4599030736842105,2013
68,69,2013-06-21,World War Z,190000000,202359711,531514650,2.7974455263157894,2013
71,72,2013-07-12,Pacific Rim,190000000,101802906,411002906,2.1631731894736843,2013
76,77,2012-06-22,Brave,185000000,237282182,554606532,2.997873145945946,2012
77,78,2017-03-10,Kong: Skull Island,185000000,168052812,561072059,3.0328219405405403,2017
80,81,2019-05-24,Aladdin,182000000,246734314,619234314,3.4023863406593406,2019
81,82,2017-11-03,Thor: Ragnarok,180000000,315058289,846980024,4.705444577777778,2017
83,84,2014-05-30,Maleficent,180000000,241407328,758536735,4.214092972222222,2014
84,85,2016-11-18,Fantastic Beasts and Where to Find Them,180000000,234037575,802402853,4.457793627777778,2016
91,92,2018-07-27,Mission: ImpossibleâFallout,178000000,220159104,787456552,4.4239132134831465,2018
92,93,2016-05-27,X-Men: Apocalypse,178000000,155442489,542537546,3.047963741573034,2016
93,94,2018-08-10,The Meg,178000000,145443742,529530715,2.974891657303371,2018
94,95,2014-06-06,Edge of Tomorrow,178000000,100206256,370541256,2.081692449438202,2014
95,96,2019-03-08,Captain Marvel,175000000,426525952,1123061550,6.417494571428572,2019
96,97,2016-04-15,The Jungle Book,175000000,364001123,962854547,5.502025982857143,2016
97,98,2015-06-19,Inside Out,175000000,356461711,854235992,4.8813485257142855,2015
98,99,2017-07-07,Spider-Man: Homecoming,175000000,334201140,880166350,5.029522,2017
99,100,2016-08-05,Suicide Squad,175000000,325100054,746059887,4.263199354285715,2016
101,2,2017-11-22,Coco,175000000,209726015,798008101,4.560046291428572,2017
102,3,2018-11-21,Ralph Breaks The Internet,175000000,201091711,524283695,2.9959068285714285,2018
104,5,2017-06-16,Cars 3,175000000,152901115,383541369,2.1916649657142857,2017
112,13,2018-06-22,Jurassic World: Fallen Kingdom,170000000,417719760,1305772799,7.681016464705882,2018
113,14,2014-08-01,Guardians of the Galaxy,170000000,333172112,770867516,4.5345148,2014
115,16,2014-04-04,Captain America: The Winter Soldier,170000000,259746958,714401889,4.202364052941176,2014
116,17,2014-07-11,Dawn of the Planet of the Apes,170000000,208545589,710644566,4.180262152941176,2014
118,19,2012-06-01,Snow White and the Huntsman,170000000,155136755,401021746,2.3589514470588235,2012
121,22,2019-03-29,Dumbo,170000000,113883318,345004422,2.0294377764705884,2019
123,24,2019-02-14,Alita: Battle Angel,170000000,85710210,402976036,2.3704472705882353,2019
127,28,2016-11-04,Doctor Strange,165000000,232641920,676404566,4.099421612121212,2016
128,29,2014-11-07,Big Hero 6,165000000,222527828,652127828,3.952289866666667,2014
130,31,2012-11-02,Wreck-It Ralph,165000000,189412677,496511521,3.0091607333333332,2012
131,32,2014-11-05,Interstellar,165000000,188017894,666379375,4.038662878787878,2014
132,33,2016-06-24,Independence Day: Resurgence,165000000,103144286,384169424,2.328299539393939,2016
134,35,2017-03-17,Beauty and the Beast,160000000,504014165,1259199706,7.8699981625,2017
135,36,2018-12-21,Aquaman,160000000,335061807,1146894640,7.1680915,2018
138,39,2015-11-20,The Hunger Games: Mockingjay - Part 2,160000000,281723902,648986787,4.05616741875,2015
139,40,2013-05-24,Fast and Furious 6,160000000,238679850,789300444,4.933127775,2013
140,41,2014-05-16,Godzilla,160000000,200676069,529076069,3.30672543125,2014
141,42,2011-06-03,X-Men: First Class,160000000,146408305,355408305,2.22130190625,2011
145,46,2016-06-10,Warcraft,160000000,47225655,425522281,2.65951425625,2016
148,49,2015-07-01,Terminator: Genisys,155000000,89760956,432150894,2.788070283870968,2015
151,52,2017-07-14,War for the Planet of the Apes,152000000,146880162,489592267,3.2210017565789473,2017
154,55,2017-06-02,Wonder Woman,150000000,412563408,821133378,5.47422252,2017
155,56,2013-11-22,Frozen,150000000,400738009,1272469910,8.483132733333333,2013
156,57,2016-03-04,Zootopia,150000000,341268248,1019429616,6.79619744,2016
161,62,2016-11-23,Moana,150000000,248757044,637517365,4.250115766666666,2016
165,66,2013-11-08,Thor: The Dark World,150000000,206362140,644602516,4.297350106666666,2013
167,68,2015-07-31,Mission: ImpossibleâRogue Nation,150000000,195042377,688858992,4.59239328,2015
168,69,2017-07-21,Dunkirk,150000000,190068280,499837368,3.33224912,2017
169,70,2011-05-06,Thor,150000000,181030624,449326618,2.995510786666667,2011
173,74,2011-05-26,Kung Fu Panda 2,150000000,165249063,664837547,4.432250313333333,2011
174,75,2015-05-15,Mad Max: Fury Road,150000000,153636354,370098020,2.467320133333333,2015
175,76,2019-05-10,PokÃ©mon: Detective Pikachu,150000000,139507806,411258433,2.7417228866666665,2019
177,78,2018-03-29,Ready Player One,150000000,137690172,579290136,3.86193424,2018
186,87,2012-03-30,Wrath of the Titans,150000000,83670083,305270083,2.035133886666667,2012
191,92,2017-02-17,The Great Wall,150000000,45157105,334486852,2.2299123466666666,2017
196,97,2012-06-08,Madagascar 3: Europe's Most Wanted,145000000,216391482,746921271,5.151181179310345,2012
197,98,2011-12-16,Mission: ImpossibleâGhost Protocol,145000000,209397903,694713230,4.791125724137931,2011
198,99,2014-06-13,How to Train Your Dragon 2,145000000,177002924,614586270,4.238526,2014
201,2,2012-11-21,Rise of the Guardians,145000000,103412758,306900902,2.116557944827586,2012
209,10,2011-07-22,Captain America: The First Avenger,140000000,176654505,370569776,2.6469269714285715,2011
210,11,2016-01-29,Kung Fu Panda 3,140000000,143528619,517599142,3.6971367285714285,2016
212,13,2013-03-27,G.I. Joe: Retaliation,140000000,122523060,375740705,2.6838621785714287,2013
224,25,2012-11-16,The Twilight Saga: Breaking Dawn Part 2,136200000,292324737,829724737,6.0919584214390605,2012
225,26,2013-03-22,The Croods,135000000,187168425,573068425,4.244951296296296,2013
226,27,2015-12-25,The Revenant,135000000,183637894,532938302,3.947691125925926,2015
230,31,2013-07-17,Turbo,135000000,83028130,286896578,2.125159837037037,2013
236,37,2014-11-26,Penguins of Madagascar,132000000,83350911,366942531,2.7798676590909093,2014
237,38,2013-11-22,The Hunger Games: Catching Fire,130000000,424668047,864868047,6.652831130769231,2013
240,41,2018-07-06,Ant-Man and the Wasp,130000000,216648740,623144660,4.793420461538462,2018
242,43,2015-07-17,Ant-Man,130000000,180202163,518858449,3.9912188384615384,2015
243,44,2015-03-27,Home,130000000,177397510,385997896,2.9692145846153846,2015
244,45,2018-12-19,Mary Poppins Returns,130000000,171958438,341528518,2.627142446153846,2018
245,46,2011-10-28,Puss in Boots,130000000,149260504,554987477,4.269134438461538,2011
248,49,2014-04-11,Rio 2,130000000,131538435,492846291,3.7911253153846154,2014
250,51,2014-03-28,Noah,130000000,101200044,352831065,2.7140851153846155,2014
251,52,2011-12-21,The Adventures of Tintin,130000000,77591831,373993951,2.8768765461538464,2011
255,56,2019-02-22,How to Train Your Dragon: The Hidden World,129000000,160791800,519258283,4.025258007751938,2019
256,57,2011-11-18,The Twilight Saga: Breaking Dawn Part 1,127500000,281287133,689420051,5.40721608627451,2011
258,59,2017-03-03,Logan,127000000,226277068,615461394,4.846152708661418,2017
259,60,2014-12-19,Night at the Museum: Secret of the Tomb,127000000,113746621,353756621,2.7854852047244094,2014
260,61,2011-07-15,Harry Potter and the Deathly Hallows: Part II,125000000,381193157,1341693157,10.733545256,2011
261,62,2014-11-21,The Hunger Games: Mockingjay - Part 1,125000000,337135885,766575131,6.132601048,2014
266,67,2011-04-29,Fast Five,125000000,210031325,630163454,5.041307632,2011
267,68,2014-08-08,Teenage Mutant Ninja Turtles,125000000,191204754,485004754,3.880038032,2014
268,69,2011-12-16,Sherlock Holmes: A Game of Shadows,125000000,186848418,535663443,4.285307544,2011
270,71,2017-03-31,The Boss Baby,125000000,175003033,510878762,4.087030096,2017
272,73,2016-11-04,Trolls,125000000,153707064,344150134,2.753201072,2016
274,75,2012-06-08,Prometheus,125000000,126477084,402448265,3.21958612,2012
275,76,2012-08-10,The Bourne Legacy,125000000,113203870,280355920,2.24284736,2012
277,78,2018-07-13,Skyscraper,125000000,68420120,304115534,2.432924272,2018
285,86,2016-07-29,Jason Bourne,120000000,162192920,416168316,3.4680693,2016
287,88,2012-11-21,Life of Pi,120000000,124987022,620912003,5.174266691666666,2012
289,90,2018-04-13,Rampage,120000000,101028233,428056280,3.5671356666666667,2018
291,92,2013-08-09,Elysium,120000000,93050117,286192091,2.3849340916666666,2013
292,93,2013-04-19,Oblivion,120000000,89107235,287916633,2.399305275,2013
295,96,2014-02-12,RoboCop,120000000,58607007,242981799,2.024848325,2014
302,3,2018-10-05,Venom,116000000,213511408,853628605,7.358867284482758,2018
307,8,2013-07-26,The Wolverine,115000000,132556852,416456852,3.6213639304347827,2013
313,14,2017-12-15,Ferdinand,111000000,84410380,289847930,2.6112426126126125,2017
314,15,2018-05-18,Deadpool 2,110000000,324591735,786680557,7.151641427272727,2018
315,16,2013-10-04,Gravity,110000000,274092705,693698673,6.306351572727273,2013
318,19,2015-05-29,San Andreas,110000000,155190832,456258539,4.1478049,2015
319,20,2011-07-29,The Smurfs,110000000,142614158,563749323,5.124993845454545,2011
321,22,2015-03-20,The Divergent Series: Insurgent,110000000,130179072,295075882,2.682508018181818,2015
325,26,2014-03-07,300: Rise of an Empire,110000000,106580051,330780051,3.0070913727272726,2014
327,28,2016-12-21,Passengers,110000000,100014699,302239672,2.747633381818182,2016
328,29,2011-01-14,The Green Hornet,110000000,98780042,229155503,2.0832318454545455,2011
329,30,2016-09-30,Miss Peregrineâs Home for Peculiar Children,110000000,87242834,295986876,2.690789781818182,2016
330,31,2011-10-07,Real Steel,110000000,85463309,263880341,2.398912190909091,2011
332,33,2013-07-31,The Smurfs 2,110000000,71017784,348547523,3.1686138454545456,2013
345,46,2015-10-02,The Martian,108000000,228433663,655271443,6.067328175925926,2015
351,52,2016-07-22,Ice Age: Collision Course,105000000,64063008,402156682,3.830063638095238,2016
353,54,2017-09-22,Kingsman: The Golden Circle,104000000,100234838,408803696,3.930804769230769,2017
356,57,2013-05-23,The Hangover 3,103000000,112200072,362000072,3.514563805825243,2013
361,62,2018-12-21,Bumblebee,102000000,127195589,465195589,4.5607410686274505,2018
368,69,2012-12-25,Django Unchained,100000000,162805434,449948323,4.49948323,2012
375,76,2013-12-25,The Wolf of Wall Street,100000000,116900694,389870414,3.89870414,2013
376,77,2013-05-24,Epic,100000000,107518682,262794441,2.62794441,2013
380,81,2012-08-17,The Expendables 2,100000000,85028192,311979256,3.11979256,2012
383,84,2014-07-25,Hercules,100000000,72688614,243388614,2.43388614,2014
395,96,2014-08-15,The Expendables 3,100000000,39322544,209461378,2.09461378,2014
398,99,2017-10-20,Geostorm,100000000,33700160,220796009,2.20796009,2017
406,7,2015-11-06,The Peanuts Movie,99000000,130178411,250091610,2.5261778787878786,2015
411,12,2017-05-19,Alien: Covenant,97000000,74262031,238521247,2.4589819278350515,2017
412,13,2015-03-13,Cinderella,95000000,201151353,534551353,5.626856347368421,2015
413,14,2012-07-13,Ice Age: Continental Drift,95000000,161321843,879765137,9.26068565263158,2012
428,29,2015-02-13,Kingsman: The Secret Service,94000000,128261724,404561724,4.303848127659575,2015
430,31,2011-08-05,Rise of the Planet of the Apes,93000000,176760185,470986200,5.064367741935484,2011
433,34,2013-02-14,A Good Day to Die Hard,92000000,67349198,304249198,3.3070565,2013
436,37,2013-12-25,The Secret Life of Walter Mitty,91000000,58236838,187861183,2.0644086043956045,2013
437,38,2017-12-20,Jumanji: Welcome to the Jungle,90000000,404508916,964496193,10.716624366666666,2017
443,44,2018-12-14,Spider-Man: Into The Spider-Verse 3D,90000000,190173195,375381768,4.170908533333333,2018
445,46,2011-04-15,Rio,90000000,143619809,487519809,5.416886766666667,2011
450,51,2011-12-20,The Girl with the Dragon Tattoo,90000000,102515793,239373970,2.6597107777777778,2011
455,56,2015-12-18,Alvin and the Chipmunks: The Road Chip,90000000,85886987,249517956,2.772421733333333,2015
458,59,2015-07-24,Pixels,90000000,78765986,244041804,2.7115756,2015
463,64,2013-08-07,Percy Jackson: Sea of Monsters,90000000,68559554,200859554,2.231772822222222,2013
465,66,2016-06-10,Now You See Me 2,90000000,65075540,328325007,3.648055633333333,2016
469,70,2018-03-16,Tomb Raider,90000000,58250803,273477501,3.0386389,2018
494,95,2014-03-21,Divergent,85000000,150947895,276014965,3.247234882352941,2014
495,96,2012-09-28,Hotel Transylvania,85000000,148313048,378505812,4.453009552941176,2012
496,97,2019-04-05,Shazam!,85000000,139606856,362899733,4.2694086235294115,2019
498,99,2012-02-10,Safe House,85000000,126181630,208542162,2.4534372,2012
506,7,2012-03-30,Mirror Mirror,85000000,64935167,173613482,2.0425115529411766,2012
514,15,2017-01-20,xXx: Return of Xander Cage,85000000,44898413,345033359,4.0592159882352945,2017
524,25,2017-12-20,The Greatest Showman,84000000,174340174,386665550,4.603161309523809,2017
537,38,2012-03-23,The Hunger Games,80000000,408010692,677923379,8.4740422375,2012
538,39,2011-05-26,The Hangover Part II,80000000,254464305,586464305,7.3308038125,2011
540,41,2017-02-10,The Lego Batman Movie,80000000,175750384,310660018,3.883250225,2017
541,42,2015-09-25,Hotel Transylvania 2,80000000,169700110,469500298,5.868753725,2015
547,48,2013-07-12,Grown Ups 2,80000000,133668525,247023808,3.0877976,2013
548,49,2011-12-16,Alvin and the Chipmunks: Chipwrecked,80000000,133107389,349088523,4.3636065375,2011
557,58,2011-02-11,Just Go With It,80000000,103028109,214974953,2.6871869125,2011
567,68,2014-10-17,Fury,80000000,85817906,210315681,2.6289460125,2014
568,69,2018-09-28,Smallfoot,80000000,83240103,213691277,2.6711409625,2018
570,71,2011-07-08,Zookeeper,80000000,80360866,170805525,2.1350690625,2011
609,10,2012-02-10,Journey 2: The Mysterious Island,79000000,103860290,318146162,4.027166607594936,2012
612,13,2013-09-27,Cloudy with a Chance of Meatballs 2,78000000,119793567,274392649,3.517854474358974,2013
620,21,2018-07-20,The Equalizer 2,77000000,102084362,190453132,2.473417298701299,2018
621,22,2013-07-03,Despicable Me 2,76000000,368065385,975216835,12.831800460526315,2013
625,26,2016-07-08,The Secret Life of Pets,75000000,368384330,886750534,11.823340453333333,2016
627,28,2018-11-09,Dr. Seussâ The Grinch,75000000,270620950,511002426,6.81336568,2018
628,29,2016-12-21,Sing,75000000,270329045,634454789,8.459397186666667,2016
629,30,2017-06-30,Despicable Me 3,75000000,264624300,1034727750,13.79637,2017
640,41,2013-05-31,Now You See Me,75000000,117723989,342769200,4.570256,2013
642,43,2018-08-03,Christopher Robin,75000000,99215042,197504758,2.633396773333333,2018
644,45,2011-11-11,Immortals,75000000,83504017,211562435,2.820832466666667,2011
663,64,2016-10-28,Inferno,75000000,34343574,219519367,2.926924893333333,2016
672,73,2015-07-10,Minions,74000000,336045770,1160336173,15.680218554054054,2015
673,74,2015-02-06,The SpongeBob Movie: Sponge Out of Water,74000000,162994032,311013181,4.202880824324325,2015
676,77,2016-05-20,The Angry Birds Movie,73000000,107509366,352327887,4.826409410958904,2016
698,99,2018-06-08,Oceanâs 8,70000000,140218711,297115976,4.244513942857143,2018
704,5,2017-11-10,Daddyâs Home 2,70000000,104029443,175807183,2.511531185714286,2017
708,9,2013-03-22,Olympus Has Fallen,70000000,98927592,172878928,2.4696989714285715,2013
709,10,2011-03-11,Battle: Los Angeles,70000000,83552429,213463976,3.0494853714285712,2011
711,12,2011-12-25,War Horse,70000000,79883359,156815529,2.2402218428571428,2011
713,14,2014-02-07,The Monuments Men,70000000,78031620,158702748,2.2671821142857143,2014
714,15,2016-09-23,Storks,70000000,72679278,183353431,2.6193347285714284,2016
718,19,2012-01-20,Underworld: Awakening,70000000,62321039,160379930,2.2911418571428572,2012
720,21,2014-10-10,Dracula Untold,70000000,55991880,220241723,3.1463103285714284,2014
751,52,2018-03-02,Red Sparrow,69000000,46874505,145951861,2.1152443623188404,2018
754,55,2015-06-26,Ted 2,68000000,81476385,217214143,3.194325632352941,2015
762,63,2012-03-02,Doctor Seuss' The Lorax,67500000,214030500,350976753,5.1996556,2012
764,65,2012-06-22,Abraham Lincoln: Vampire Hunter,67500000,37519139,137489730,2.036884888888889,2012
769,70,2014-03-14,Need for Speed,66000000,43568507,194169619,2.9419639242424243,2014
772,73,2012-11-09,Lincoln,65000000,182207973,273346281,4.2053274,2012
776,77,2018-07-13,Hotel Transylvania 3: Summer Vacation,65000000,167500092,527079962,8.108922492307693,2018
777,78,2012-12-25,Les Miserables,65000000,148809770,442169052,6.8026008,2012
781,82,2014-12-25,Unbroken,65000000,115637895,163527824,2.515812676923077,2014
782,83,2015-06-05,Spy!,65000000,110825712,232585748,3.578242276923077,2015
788,89,2014-12-19,Annie,65000000,85911262,139829625,2.151225,2014
790,91,2016-08-12,Peteâs Dragon,65000000,76233151,137768975,2.1195226923076924,2016
795,96,2012-05-16,The Dictator,65000000,59650222,180148897,2.7715214923076923,2012
797,98,2012-02-17,This Means War,65000000,54760791,156974557,2.4149931846153847,2012
798,99,2015-02-27,Focus,65000000,53862963,168065700,2.585626153846154,2015
802,3,2015-09-18,Everest,65000000,43482270,221297061,3.404570169230769,2015
803,4,2012-09-14,Resident Evil: Retribution,65000000,42345531,240647629,3.7022712153846156,2012
826,27,2011-04-01,Hop,63000000,108085305,188657593,2.994564968253968,2011
832,33,2015-12-25,The Hateful Eight,62000000,54117416,147864886,2.384917516129032,2015
835,36,2014-10-03,Gone Girl,61000000,167767189,368567189,6.042085065573771,2014
837,38,2015-09-18,Maze Runner: The Scorch Trials,61000000,81697192,310566162,5.09124855737705,2015
838,39,2013-08-02,2 Guns,61000000,75612460,132493015,2.172016639344262,2013
839,40,2018-01-26,Maze Runner: The Death Cure,61000000,58032443,265878536,4.358664524590164,2018
841,42,2016-02-19,Mei Ren Yu,60720000,3229457,554516671,9.13235624176548,2016
843,44,2014-02-07,The Lego Movie,60000000,257784718,457729388,7.628823133333333,2014
849,50,2016-09-09,Sully,60000000,125070033,238524556,3.9754092666666665,2016
867,68,2012-12-21,Jack Reacher,60000000,80070736,217370736,3.6228456,2012
870,71,2011-09-09,Contagion,60000000,75658097,137551594,2.2925265666666665,2011
879,80,2016-03-04,London Has Fallen,60000000,62524260,195194085,3.25323475,2016
884,85,2016-10-21,Jack Reacher: Never Go Back,60000000,58697076,159946489,2.6657748166666666,2016
885,86,2017-05-25,Baywatch,60000000,58060186,175863783,2.93106305,2017
896,97,2014-01-17,Jack Ryan: Shadow Recruit,60000000,50577412,131377412,2.189623533333333,2014
904,5,2017-04-07,Smurfs: The Lost Village,60000000,45020282,197578586,3.292976433333333,2017
950,51,2016-02-05,Xi You Ji zhi Sun Wu Kong San Da Bai Gu Jing,60000000,709982,194058503,3.2343083833333335,2016
955,56,2016-02-12,Deadpool,58000000,363070709,801025593,13.810786086206896,2016
956,57,2014-12-25,American Sniper,58000000,350126372,547326372,9.436661586206897,2014
957,58,2015-10-16,Goosebumps,58000000,80069458,158905324,2.7397469655172415,2015
972,73,2012-02-17,Ghost Rider: Spirit of Vengeance,57000000,51774002,149217355,2.6178483333333333,2012
976,77,2014-12-25,Into the Woods,56200000,128002372,213116401,3.7921067793594307,2014
980,81,2016-01-22,Zhuo yao ji,56000000,32766,359495591,6.419564125,2016
983,84,2018-11-02,Bohemian Rhapsody,55000000,216303339,894985342,16.272460763636364,2018
990,91,2017-02-10,Fifty Shades Darker,55000000,114434010,381398492,6.934518036363636,2017
991,92,2013-10-11,Captain Phillips,55000000,107136417,220648184,4.011785163636364,2013
994,95,2017-11-10,Murder on the Orient Express,55000000,102826543,345922730,6.289504181818182,2017
995,96,2014-09-26,The Equalizer,55000000,101530738,192903624,3.507338618181818,2014
996,97,2018-02-09,Fifty Shades Freed,55000000,100407760,371350619,6.751829436363637,2018
1004,5,2015-01-16,Paddington,55000000,76223578,258789097,4.705256309090909,2015
1008,9,2011-06-17,Mr. Poppers's Penguins,55000000,68224452,189624452,3.4477173090909092,2011
1015,16,2013-11-01,Free Birds,55000000,55750480,110387072,2.0070376727272725,2013
1033,34,2012-04-27,The Pirates! Band of Misfits,55000000,31051126,136143605,2.4753382727272726,2012
1065,66,2012-12-19,Zero Dark Thirty,52500000,95720716,134612435,2.564046380952381,2012
1080,81,2011-03-04,The Adjustment Bureau,50200000,62495645,126931325,2.5285124501992033,2011
1083,84,2012-06-29,Ted,50000000,218665740,556016627,11.12033254,2012
1084,85,2014-06-13,22 Jump Street,50000000,191719337,331333876,6.62667752,2014
1087,88,2015-12-25,Daddyâs Home,50000000,150357137,242757137,4.85514274,2015
1090,91,2016-06-17,Central Intelligence,50000000,127440871,217194805,4.3438961,2016
1091,92,2013-12-18,Anchorman 2: The Legend Continues,50000000,127352707,172185754,3.44371508,2013
1092,93,2011-06-10,Super 8,50000000,127004179,257972745,5.1594549,2011
1095,96,2018-11-21,Creed II,50000000,115715889,213591522,4.27183044,2018
1096,97,2018-02-09,Peter Rabbit,50000000,115234093,347136477,6.94272954,2018
1099,100,2018-12-14,The Mule,50000000,103804407,170857676,3.41715352,2018
1101,2,2014-02-28,Non-Stop,50000000,91742160,222383055,4.4476611,2014
1103,4,2013-08-09,Disney Planes,50000000,90282580,238059569,4.76119138,2013
1106,7,2017-07-28,The Emoji Movie,50000000,86089513,216562312,4.33124624,2017
1107,8,2011-07-29,Crazy Stupid Love,50000000,84351197,147142328,2.94284656,2011
1108,9,2017-12-22,The Post,50000000,81903458,179748880,3.5949776,2017
1113,14,2011-12-23,We Bought a Zoo,50000000,75624550,118729073,2.37458146,2011
1114,15,2011-09-23,Moneyball,50000000,75605492,111300835,2.2260167,2011
1123,24,2014-07-18,Planes: Fire and Rescue,50000000,59157732,156399644,3.12799288,2014
1125,26,2012-04-06,American Reunion,50000000,56758835,236799211,4.73598422,2012
1126,27,2013-01-25,Hansel & Gretel: Witch Hunters,50000000,55703475,214949716,4.29899432,2013
1127,28,2011-02-18,I am Number Four,50000000,55100437,146195159,2.92390318,2011
1131,32,2017-09-29,American Made,50000000,51342000,135569212,2.71138424,2017
1139,40,2014-08-08,Into the Storm,50000000,47602194,150429371,3.00858742,2014
1210,11,2015-03-06,Chappie,49000000,31569268,105002056,2.142899102040816,2015
1217,18,2015-01-09,Taken 3,48000000,89256424,327656424,6.8261755,2015
1219,20,2018-11-16,Instant Family,48000000,67363237,119736188,2.4945039166666665,2018
1233,34,2016-11-11,Arrival,47000000,100546139,203127894,4.321870085106383,2016
1247,48,2013-09-20,Prisoners,46000000,61002302,113402302,2.465267434782609,2013
1253,54,2012-10-05,Taken 2,45000000,139854287,377807404,8.395720088888888,2012
1257,58,2017-12-22,Pitch Perfect 3,45000000,104897530,185736412,4.127475822222222,2017
1263,64,2011-11-23,The Muppets,45000000,88625922,160971922,3.5771538222222223,2011
1267,68,2016-10-07,The Girl on the Train,45000000,75395035,174278214,3.8728492,2016
1280,81,2016-12-09,Office Christmas Party,45000000,54767494,91323299,2.0294066444444443,2016
1289,90,2014-05-23,Blended,45000000,46290741,127990741,2.844238688888889,2014
1318,19,2011-10-21,Johnny English Reborn,45000000,8406711,164640401,3.6586755777777777,2011
1326,27,2012-10-12,Argo,44500000,136025503,227140757,5.104286674157303,2012
1334,35,2013-06-28,The Heat,43000000,159581587,229727774,5.342506372093023,2013
1343,44,2012-03-16,21 Jump Street,42000000,138447667,202812429,4.828867357142857,2012
1354,55,2011-03-11,Red Riding Hood,42000000,37662162,91678442,2.182820047619048,2011
1370,71,2019-05-31,Rocketman,41000000,57342725,108642725,2.64982256097561,2019
1377,78,2015-02-13,Fifty Shades of Grey,40000000,166167230,570998101,14.274952525,2015
1379,80,2013-12-13,American Hustle,40000000,150117807,257878294,6.44695735,2013
1380,81,2019-05-17,John Wick: Chapter 3 â Parabellum,40000000,141744320,256498033,6.412450825,2019
1382,83,2014-07-25,Lucy,40000000,126573960,457507776,11.4376944,2014
1383,84,2013-12-25,Lone Survivor,40000000,125095601,149804632,3.7451158,2013
1389,90,2016-06-10,The Conjuring 2: The Enfield Poltergeist,40000000,102470008,311262102,7.78155255,2016
1393,94,2017-02-10,John Wick: Chapter Two,40000000,92029184,171350009,4.283750225,2017
1394,95,2016-01-15,Ride Along 2,40000000,90862685,124827316,3.1206829,2016
1396,97,2015-03-27,Get Hard,40000000,90411453,106511453,2.662786325,2015
1399,100,2016-10-14,The Accountant,40000000,86260045,152962083,3.824052075,2016
1400,1,2014-11-14,Dumb and Dumber To,40000000,86208010,156553592,3.9138398,2014
1401,2,2014-04-25,The Other Woman,40000000,83911193,195111193,4.877779825,2014
1405,6,2015-09-25,The Intern,40000000,75764672,197115710,4.92789275,2015
1409,10,2015-10-16,Bridge of Spies,40000000,72313754,162498338,4.06245845,2015
1415,16,2018-09-21,The House with a Clock in its Walls,40000000,68549695,126331750,3.15829375,2018
1416,17,2016-11-04,Hacksaw Ridge,40000000,67209615,168904682,4.22261705,2016
1420,21,2011-02-18,Unknown,40000000,63686397,136123083,3.403077075,2011
1424,25,2011-03-18,The Lincoln Lawyer,40000000,58009200,87145086,2.17862715,2011
1430,31,2014-11-26,Horrible Bosses 2,40000000,54445357,105945357,2.648633925,2014
1447,48,2014-05-30,A Million Ways to Die in The West,40000000,42720965,86778557,2.169463925,2014
1448,49,2011-08-12,Final Destination 5,40000000,42587643,155011165,3.875279125,2011
1453,54,2014-07-18,Sex Tape,40000000,38543473,126069509,3.151737725,2014
1454,55,2011-04-15,Scream 4,40000000,38180928,95989590,2.39973975,2011
1457,58,2011-03-18,Paul,40000000,37412945,101162106,2.52905265,2011
1461,62,2018-01-12,The Commuter,40000000,36343858,101985431,2.549635775,2018
1483,84,2017-01-27,Resident Evil: The Final Chapter,40000000,26844692,314101190,7.85252975,2017
1488,89,2011-01-07,Season of the Witch,40000000,24827228,91126600,2.278165,2011
1493,94,2016-08-26,Mechanic: Resurrection,40000000,21218403,109738840,2.743471,2016
1499,100,2012-12-21,The Impossible,40000000,19019882,169590606,4.23976515,2012
1526,27,2014-06-27,Snowpiercer,40000000,4563029,88069880,2.201747,2014
1547,48,2012-10-05,Frankenweenie,39000000,35287788,81150788,2.0807894358974357,2012
1558,59,2017-06-02,Captain Underpants: The First Epic Movie,38000000,73921000,126577874,3.3309966842105263,2017
1559,60,2015-04-17,Paul Blart: Mall Cop 2,38000000,71091594,107650646,2.8329117368421053,2015
1561,62,2016-12-23,Why Him?,38000000,60323786,117425156,3.0901356842105265,2016
1562,63,2011-04-22,Water for Elephants,38000000,58709717,116809717,3.0739399210526317,2011
1565,66,2013-09-06,Riddick,38000000,42025135,94763758,2.493783105263158,2013
1568,69,2016-01-22,The 5th Wave,38000000,34912982,111336398,2.9299052105263157,2016
1570,71,2013-09-20,Rush,38000000,26947624,98230839,2.5850220789473686,2013
1584,85,2019-01-11,The Upside,37500000,108235497,119024536,3.1739876266666665,2019
1585,86,2012-05-18,What to Expect When You're Expecting,37500000,41152203,88473016,2.3592804266666665,2012
1589,90,2013-08-07,We're the Millers,37000000,150394119,267816276,7.23827772972973,2013
1590,91,2015-11-25,Creed,37000000,109767581,173567581,4.691015702702702,2015
1592,93,2011-09-23,Dolphin Tale,37000000,72286779,96068724,2.596452,2011
1593,94,2018-02-23,Game Night,37000000,69179066,117378084,3.1723806486486485,2018
1597,98,2016-02-12,How to be Single,37000000,46843513,100003780,2.702804864864865,2016
1599,100,2011-01-28,The Rite,37000000,33047633,97143987,2.625513162162162,2011
1604,5,2018-10-05,A Star is Born,36000000,215288866,433449571,12.040265861111111,2018
1605,6,2011-02-11,Gnomeo and Juliet,36000000,99967670,193737977,5.381610472222222,2011
1612,13,2016-12-16,Collateral Beauty,36000000,31016021,85309093,2.369697027777778,2016
1619,20,2016-01-22,Yip Man 3,36000000,2679437,157300954,4.369470944444444,2016
1623,24,2017-09-08,It,35000000,327481748,697457969,19.927370542857144,2017
1631,32,2013-02-08,Identity Thief,35000000,134506920,175361578,5.0103308,2013
1633,34,2011-07-08,Horrible Bosses,35000000,117538559,212417601,6.069074314285714,2011
1635,36,2015-07-17,Trainwreck,35000000,110212700,141123897,4.032111342857143,2015
1636,37,2013-12-13,Saving Mr. Banks,35000000,83299761,114962525,3.2846435714285716,2013
1644,45,2012-12-21,This is 40,35000000,67544505,90221182,2.5777480571428573,2012
1654,55,2011-07-22,Friends with Benefits,35000000,55802754,146595891,4.188454028571429,2011
1655,56,2016-05-20,Neighbors 2: Sorority Rising,35000000,55340730,108757621,3.1073606,2016
1658,59,2018-06-29,Sicario: Day of the Soldado,35000000,50065850,75885196,2.1681484571428573,2018
1661,62,2015-05-22,Poltergeist,35000000,47425125,95713069,2.7346591142857144,2015
1662,63,2018-10-12,Goosebumps 2: Haunted Halloween,35000000,46697321,93291478,2.6654708,2018
1663,64,2018-01-19,12 Strong,35000000,45819713,71118378,2.031953657142857,2018
1673,74,2011-10-28,In Time,35000000,37553932,165103952,4.717255771428571,2011
1675,76,2011-11-09,J. Edgar,35000000,37306030,84606030,2.417315142857143,2011
1680,81,2017-10-13,The Foreigner,35000000,34393507,140783360,4.022381714285714,2017
1690,91,2017-01-06,Underworld: Blood Wars,35000000,30353973,81209222,2.320263485714286,2017
1695,96,2011-09-23,Abduction,35000000,28087155,86648359,2.4756674,2011
1702,3,2016-09-16,Bridget Jonesâs Baby,35000000,24139805,205822688,5.880648228571428,2016
1707,8,2015-08-21,Hitman: Agent 47,35000000,22467450,82182803,2.348080085714286,2015
1758,59,2017-06-28,Baby Driver,34000000,107825862,228104185,6.708946617647059,2017
1759,60,2014-09-19,The Maze Runner,34000000,102427862,348319861,10.244701794117647,2014
1772,73,2016-07-08,Mike and Dave Need Wedding Dates,33000000,46009673,75898100,2.2999424242424245,2016
1773,74,2012-07-27,Step Up Revolution,33000000,35074677,165552290,5.0167360606060605,2012
1784,85,2011-05-13,Bridesmaids,32500000,169211718,289632023,8.911754553846153,2011
1790,91,2013-06-12,This is the End,32000000,101470202,126539117,3.95434740625,2013
1795,96,2011-04-01,Source Code,32000000,54712227,140428499,4.38839059375,2011
1798,99,2018-04-20,I Feel Pretty,32000000,48795601,91553797,2.86105615625,2018
1800,1,2011-02-18,Big Mommas: Like Father Like Son,32000000,37915414,82332450,2.5728890625,2011
1821,22,2013-04-12,42,31000000,95020213,97470701,3.1442161612903226,2013
1822,23,2012-11-02,Flight,31000000,93772375,160558438,5.179304451612904,2012
1826,27,2014-03-07,The Grand Budapest Hotel,31000000,59076019,163981261,5.289718096774194,2014
1827,28,2015-07-29,Vacation,31000000,58884188,102306500,3.300209677419355,2015
1837,38,2018-08-15,Crazy Rich Asians,30000000,174532921,238099711,7.936657033333334,2018
1841,42,2012-02-10,The Vow,30000000,125014030,197618160,6.587272,2012
1844,45,2013-08-16,Lee Daniels' The Butler,30000000,116632095,177025498,5.900849933333333,2013
1856,57,2015-12-18,Sisters,30000000,87044645,106030660,3.5343553333333335,2015
1864,65,2017-08-18,The Hitmanâs Bodyguard,30000000,75468583,172778667,5.7592889,2017
1868,69,2012-09-28,Looper,30000000,66486205,170466405,5.6822135,2012
1869,70,2013-02-01,Warm Bodies,30000000,66380662,115121608,3.8373869333333332,2013
1871,72,2014-01-17,The Nut Job,30000000,64251538,122529966,4.0843322,2014
1874,75,2012-08-08,Hope Springs,30000000,63536011,133085295,4.4361765,2012
1882,83,2011-05-20,Midnight in Paris,30000000,56816662,162502774,5.416759133333334,2011
1883,84,2017-11-22,Darkest Hour,30000000,56443120,150807172,5.026905733333333,2017
1887,88,2018-05-11,Life of the Party,30000000,53059911,65759911,2.191997033333333,2018
1891,92,2015-07-24,Southpaw,30000000,52421953,94156456,3.138548533333333,2015
1893,94,2017-07-28,Atomic Blonde,30000000,51573925,98345423,3.2781807666666665,2017
1899,100,2015-09-18,Sicario,30000000,46889293,84393749,2.8131249666666664,2015
1902,3,2018-01-19,Den of Thieves,30000000,44947622,80131391,2.671046366666667,2018
1905,6,2014-10-24,John Wick,30000000,43037835,76235001,2.5411667,2014
1907,8,2015-04-24,The Age of Adaline,30000000,42629776,68984536,2.299484533333333,2015
1910,11,2012-04-13,The Cabin in the Woods,30000000,42073277,70689968,2.3563322666666666,2012
1913,14,2011-04-08,Hanna,30000000,40259119,65343694,2.1781231333333335,2011
1924,25,2011-07-01,Larry Crowne,30000000,35608245,61449135,2.0483045,2011
1925,26,2013-10-18,Carrie,30000000,35266619,82409520,2.746984,2013
1931,32,2013-02-08,Side Effects,30000000,32172757,66742138,2.2247379333333335,2013
1933,34,2014-07-02,Deliver Us from Evil,30000000,30577122,87956618,2.9318872666666667,2014
1936,37,2012-04-27,The Five-Year Engagement,30000000,28700285,61623819,2.0541273,2012
1944,45,2011-02-04,Sanctum,30000000,23209310,108957098,3.631903266666667,2011
1946,47,2017-08-25,Ballerina,30000000,21858070,96892829,3.2297609666666665,2017
1952,53,2013-10-04,Runner Runner,30000000,19316646,60512680,2.0170893333333333,2013
1954,55,2017-04-28,Baahubali 2: The Conclusion,30000000,18985794,263502914,8.783430466666667,2017
2013,14,2015-05-15,Pitch Perfect 2,29000000,184296230,287625468,9.918119586206897,2015
2015,16,2018-09-28,Night School,29000000,77339130,103008792,3.5520273103448274,2018
2016,17,2016-04-08,The Boss,29000000,63077560,78652207,2.7121450689655173,2016
2034,35,2015-08-14,Straight Outta Compton,28000000,161197785,202182981,7.22082075,2015
2035,36,2017-07-21,Girls Trip,28000000,115108515,140886353,5.0316554642857145,2017
2039,40,2017-11-01,A Bad Moms Christmas,28000000,72110659,127710550,4.561091071428572,2017
2040,41,2013-02-14,Safe Haven,28000000,71399120,94050951,3.358962535714286,2013
2041,42,2015-12-11,The Big Short,28000000,70259870,133162752,4.755812571428572,2015
2043,44,2014-10-10,Alexander and the Terrible Horrible No Good Very Bad Day,28000000,66954149,101379287,3.6206888214285713,2014
2045,46,2013-01-28,Last Vegas,28000000,63914167,112914167,4.032648821428571,2013
2049,50,2018-06-15,Tag,28000000,54730625,77026186,2.750935214285714,2018
2064,65,2013-08-16,Kick-Ass 2,28000000,28795985,63129909,2.254639607142857,2013
2066,67,2014-09-19,A Walk Among the Tombstones,28000000,26017685,62108587,2.2181638214285715,2014
2068,69,2014-04-25,Brick Mansions,28000000,20396829,73421224,2.6221865714285713,2014
2090,91,2011-03-18,Limitless,27000000,79249455,155564919,5.761663666666666,2011
2097,98,2016-05-13,Money Monster,27000000,41012075,93466095,3.461707222222222,2016
2099,100,2011-08-19,Spy Kids: All the Time in the World,27000000,38536376,80681183,2.9881919629629627,2011
2130,31,2011-12-09,New Yearâs Eve,26000000,54544638,146850273,5.648087423076923,2011
2132,33,2013-04-26,Pain & Gain,26000000,49875291,81275291,3.125972730769231,2013
2137,38,2012-08-29,Lawless,26000000,37397291,54393687,2.0920648846153846,2012
2162,63,2011-08-10,The Help,25000000,169705587,213120004,8.52480016,2011
2163,64,2016-12-25,Hidden Figures,25000000,169607287,231771716,9.27086864,2016
2166,67,2014-01-17,Ride Along,25000000,134202565,153733800,6.149352,2014
2178,79,2012-12-25,Parental Guidance,25000000,77267296,120832383,4.83329532,2012
2183,84,2011-01-21,No Strings Attached,25000000,70662220,149228078,5.96912312,2011
2184,85,2012-01-13,Contraband,25000000,66528000,98406855,3.9362742,2012
2185,86,2017-01-27,A Dogâs Purpose,25000000,64321890,203671625,8.146865,2017
2186,87,2012-04-20,The Lucky One,25000000,60457138,96633833,3.86535332,2012
2191,92,2011-04-22,Madea's Big Happy Family,25000000,53345287,54160818,2.16643272,2011
2192,93,2013-12-13,Tyler Perry's A Madea Christmas,25000000,52543354,52543354,2.10173416,2013
2194,95,2012-01-27,The Grey,25000000,51580136,81249176,3.24996704,2012
2201,2,2014-08-15,The Giver,25000000,45090374,66540205,2.6616082,2014
2205,6,2015-11-20,The Night Before,25000000,43035725,52427346,2.09709384,2015
2214,15,2013-12-25,August: Osage County,25000000,37738810,50738810,2.0295524,2013
2220,21,2018-09-07,Peppermint,25000000,35418723,51800758,2.07203032,2018
2226,27,2016-04-29,Motherâs Day,25000000,32492859,52367022,2.09468088,2016
2237,38,2017-02-03,Rings,25000000,27793018,82917283,3.31669132,2017
2250,51,2015-08-05,Shaun the Sheep,25000000,19375982,101925161,4.07700644,2015
2257,58,2013-10-25,The Counselor,25000000,16973715,71009334,2.84037336,2013
2335,36,2014-06-20,Think Like a Man Too,24000000,65028687,70027933,2.9178305416666666,2014
2336,37,2016-12-16,Fences,24000000,57682904,64282881,2.678453375,2016
2338,39,2011-10-14,Footloose,24000000,51802742,62989834,2.6245764166666667,2011
2339,40,2017-04-07,Going in Style,24000000,45018541,78672579,3.278024125,2017
2370,71,2018-11-16,Green Book,23000000,85080171,322034439,14.001497347826087,2018
2372,73,2015-01-16,The Wedding Ringer,23000000,64460211,80171596,3.4857215652173914,2015
2375,76,2011-10-07,The Ides of March,23000000,40962534,77735925,3.3798228260869565,2011
2379,80,2014-01-10,Her,23000000,25568251,48163815,2.0940789130434783,2014
2381,82,2012-02-17,Kari gurashi no Arietti,23000000,19192510,151496097,6.586786826086956,2012
2398,99,2017-05-05,ChÄi dÃ n zhuÄnjiÄ,23000000,0,58807172,2.5568335652173912,2017
2410,11,2014-02-28,Son of God,22000000,59700064,70949793,3.224990590909091,2014
2412,13,2014-08-08,The Hundred-Foot Journey,22000000,54235441,94270488,4.2850221818181815,2014
2416,17,2012-08-03,Diary of a Wimpy Kid: Dog Days,22000000,49008662,77229695,3.510440681818182,2012
2420,21,2013-11-22,Delivery Man,22000000,30659817,70536870,3.2062213636363635,2013
2421,22,2016-02-05,Hail Caesar!,22000000,30080225,64160680,2.9163945454545455,2016
2428,29,2013-11-27,Homefront,22000000,20158492,51695362,2.3497891818181817,2013
2433,34,2015-09-04,The Transporter Refueled,22000000,16029670,69698495,3.168113409090909,2015
2457,58,2012-06-22,To Rome with Love,21500000,16684352,74326015,3.457023953488372,2012
2458,59,2012-11-16,Silver Linings Playbook,21000000,132092958,236412453,11.257735857142857,2012
2459,60,2018-04-06,Blockers,21000000,60311495,94045328,4.478348952380952,2018
2460,61,2019-04-05,Pet Sematary,21000000,54724696,109501146,5.214340285714286,2019
2471,72,2011-12-09,Tinker Tailor Soldier Spy,21000000,24149393,81452811,3.8787052857142856,2011
2472,73,2017-09-22,Victoria and Abdul,21000000,22245070,68271146,3.251006952380952,2017
2487,88,2019-03-22,Us,20000000,175006930,254210310,12.7105155,2019
2491,92,2016-12-09,La La Land,20000000,151101803,426351163,21.31755815,2016
2492,93,2013-07-19,The Conjuring,20000000,137400141,318000141,15.90000705,2013
2494,95,2017-11-17,Wonder,20000000,132422809,304604712,15.2302356,2017
2498,99,2016-07-29,Bad Moms,20000000,113257297,180998716,9.0499358,2016
2499,100,2019-01-18,Glass,20000000,111035005,245303505,12.26517525,2019
2502,3,2014-07-02,Tammy,20000000,84525432,96407655,4.82038275,2014
2504,5,2011-11-16,The Descendants,20000000,82624961,175507800,8.77539,2011
2508,9,2016-10-21,Tyler Perryâs Boo! A Madea Halloween,20000000,73206343,73206343,3.66031715,2016
2513,14,2012-06-29,Tyler Perry's Madea's Witness Protection,20000000,65653242,66950887,3.34754435,2012
2517,18,2013-10-18,12 Years a Slave,20000000,56671993,181025343,9.05126715,2013
2519,20,2016-06-03,Me Before You,20000000,56245075,208265198,10.4132599,2016
2520,21,2019-02-08,What Men Want,20000000,54611903,69911903,3.49559515,2019
2521,22,2016-04-15,Barbershop: The Next Cut,20000000,54030051,54404202,2.7202101,2016
2523,24,2018-09-14,A Simple Favor,20000000,53548586,97628717,4.88143585,2018
2524,25,2015-01-09,Selma,20000000,52076908,66776576,3.3388288,2015
2530,31,2017-10-20,Tyler Perryâs Boo 2! A Madea Halloween,20000000,47319572,47879572,2.3939786,2017
2533,34,2015-11-06,Spotlight,20000000,45055776,92088460,4.604423,2015
2534,35,2018-03-30,Acrimony,20000000,43549096,46627836,2.3313918,2018
2535,36,2015-06-26,Max,20000000,42656255,43658157,2.18290785,2015
2538,39,2017-11-17,The Star,20000000,40847995,62758010,3.1379005,2017
2542,43,2016-07-27,Nerve,20000000,38583626,70652284,3.5326142,2016
2547,48,2016-02-19,Risen,20000000,36880033,46255763,2.31278815,2016
2554,55,2013-01-04,Texas Chainsaw 3D,20000000,34341945,47666013,2.38330065,2013
2556,57,2014-09-19,This is Where I Leave You,20000000,34296320,41296320,2.064816,2014
2560,61,2013-04-12,Scary Movie V,20000000,32015787,78613981,3.93069905,2013
2564,65,2011-08-31,The Debt,20000000,31177548,46604054,2.3302027,2011
2575,76,2013-08-23,The World's End,20000000,26004851,47508505,2.37542525,2013
2586,87,2017-06-16,Rough Night,20000000,22105643,46844357,2.34221785,2017
2604,5,2012-10-26,Silent Hill: Revelation 3D,20000000,17530219,55975672,2.7987836,2012
2610,11,2017-09-29,Flatliners,20000000,16883115,45173738,2.2586869,2017
2694,95,2017-04-28,JÃ¬yÃ¬ dÃ shÄ«,20000000,587470,43888531,2.19442655,2017
2718,19,2017-12-01,The Shape of Water,19500000,63859435,195790794,10.040553538461538,2017
2726,27,2011-06-24,Bad Teacher,19000000,100292856,215448997,11.339420894736842,2011
2727,28,2016-08-12,Sausage Party,19000000,97670358,141344255,7.439171315789474,2016
2740,41,2013-11-08,The Book Thief,19000000,21488481,76086711,4.004563736842106,2013
2763,64,2014-05-09,Neighbors,18000000,150086800,270944428,15.052468222222222,2014
2776,77,2016-03-25,My Big Fat Greek Wedding 2,18000000,59689605,92096558,5.116475444444444,2016
2777,78,2015-09-11,The Perfect Guy,18000000,57027435,60278166,3.348787,2015
2779,80,2011-03-25,Diary of a Wimpy Kid: Rodrick Rules,18000000,52698535,73695194,4.094177444444444,2011
2782,83,2011-04-08,Soul Surfer,18000000,43853424,47158652,2.6199251111111113,2011
2784,85,2018-06-29,Uncle Drew,18000000,42469946,46527161,2.5848422777777778,2018
2785,86,2014-10-17,Birdman or (The Unexpected Virtue of Ignorance),18000000,42340598,103215094,5.734171888888889,2014
2789,90,2013-07-26,Blue Jasmine,18000000,33404871,102912961,5.717386722222222,2013
2794,95,2015-08-07,Ricki and the Flash,18000000,26839498,41166033,2.2870018333333335,2015
2797,98,2015-11-13,Love the Coopers,18000000,26302731,42227490,2.345971666666667,2015
2803,4,2017-04-28,The Circle,18000000,20497844,40651864,2.258436888888889,2017
2810,11,2013-08-16,Jobs,18000000,16131410,43402515,2.4112508333333333,2013
2839,40,2017-03-17,T2: Trainspotting,18000000,2402004,42091262,2.3384034444444444,2017
2865,66,2018-04-06,A Quiet Place,17000000,188024361,334522294,19.677782,2018
2868,69,2014-08-13,Letâs Be Cops,17000000,82390774,136890774,8.052398470588235,2014
2872,73,2013-11-15,The Best Man Holiday,17000000,70525195,72835710,4.284453529411764,2013
2874,75,2012-09-28,Pitch Perfect,17000000,65001093,116044347,6.826138058823529,2012
2876,77,2013-04-05,Evil Dead,17000000,54239856,97778356,5.751668,2013
2879,80,2015-02-20,McFarland USA,17000000,44480275,45707924,2.688701411764706,2015
2880,81,2016-11-11,Almost Christmas,17000000,42065185,42493506,2.499618,2016
2886,87,2011-03-04,Beastly,17000000,27865571,38028230,2.236954705882353,2011
2932,33,2012-05-25,Moonrise Kingdom,16000000,45512466,68848446,4.303027875,2012
2933,34,2011-11-25,The Artist,16000000,44667095,128256712,8.0160445,2011
2938,39,2011-02-04,The Roommate,16000000,37300107,52545707,3.2841066875,2011
2982,83,2018-12-21,Second Act,15700000,39282227,63288854,4.031137197452229,2018
3001,2,2017-08-11,Annabelle: Creation,15000000,102092201,305384865,20.358991,2017
3002,3,2013-10-25,Jackass Presents: Bad Grandpa,15000000,102003019,160903019,10.726867933333333,2013
3005,6,2014-11-28,The Imitation Game,15000000,91125143,227740463,15.182697533333334,2014
3008,9,2013-01-18,Mama,15000000,71628180,148095566,9.873037733333334,2013
3017,18,2012-02-03,The Woman in Black,15000000,54333290,128955898,8.597059866666667,2012
3020,21,2018-08-10,BlacKkKlansman,15000000,49275340,93017335,6.201155666666667,2018
3025,26,2013-02-22,Snitch,15000000,42930462,57907734,3.8605156,2013
3027,28,2015-12-04,Krampus,15000000,42725475,61788393,4.1192262,2015
3028,29,2012-09-21,End of Watch,15000000,41003371,57586606,3.8391070666666667,2012
3032,33,2014-12-03,Wild,15000000,37880356,52460543,3.4973695333333334,2014
3034,35,2014-11-07,The Theory of Everything,15000000,35893537,123327692,8.221846133333333,2014
3035,36,2011-09-16,Drive,15000000,35060689,81357930,5.423862,2011
3038,39,2018-11-23,The Favourite,15000000,34366783,94113929,6.274261933333333,2018
3049,50,2014-08-22,When the Game Stands Tall,15000000,30127963,30138912,2.0092608,2014
3056,57,2017-09-08,Home Again,15000000,27020284,37336874,2.489124933333333,2017
3060,61,2014-08-27,The November Man,15000000,25018119,34820335,2.321355666666667,2014
3066,67,2013-03-29,The Place Beyond the Pines,15000000,21403519,47011449,3.1340966,2013
3075,76,2014-07-25,A Most Wanted Man,15000000,17237855,36068890,2.404592666666667,2014
3081,82,2012-11-30,Killing Them Softly,15000000,14945541,39238443,2.6158962,2012
3083,84,2011-08-19,One Day,15000000,13843771,59168692,3.9445794666666667,2011
3165,66,2015-07-01,Magic Mike XXL,14500000,66013057,123660597,8.52831703448276,2015
3180,81,2012-08-31,The Possession,14000000,49130588,82925064,5.9232188571428575,2012
3185,86,2012-02-24,Tyler Perry's Good Deeds,14000000,35025791,35579177,2.5413697857142856,2012
3189,90,2012-01-13,The Iron Lady,14000000,29959436,115592104,8.256578857142857,2012
3215,16,2015-10-23,Suffragette,14000000,4702420,34044909,2.431779214285714,2015
3235,36,2012-10-12,Seven Psychopaths,13500000,15024049,33035736,2.4470915555555557,2012
3243,44,2014-09-12,No Good Deed,13200000,52543632,54323210,4.115394696969697,2014
3247,48,2011-02-11,Justin Bieber: Never Say Never,13000000,73013910,99034125,7.618009615384615,2011
3248,49,2018-07-04,The First Purge,13000000,69488745,136617305,10.509023461538462,2018
3249,50,2016-03-16,Miracles from Heaven,13000000,61705123,73798736,5.6768258461538466,2016
3253,54,2016-06-24,The Shallows,13000000,55121623,118763442,9.135649384615384,2016
3257,58,2014-02-14,About Last Night,13000000,48637684,50445860,3.880450769230769,2014
3260,61,2014-10-10,St. Vincent,13000000,44137712,54837234,4.218248769230769,2014
3261,62,2014-07-02,Earth to Echo,13000000,38934842,42174545,3.2441957692307692,2014
3269,70,2013-03-01,21 and Over,13000000,25682380,42195766,3.245828153846154,2013
3271,72,2015-04-10,Ex Machina,13000000,25440971,38358392,2.9506455384615387,2015
3274,75,2016-03-11,Eye in the Sky,13000000,18704596,35402802,2.7232924615384615,2016
3276,77,2012-09-21,The Perks of Being a Wallflower,13000000,17742948,33069303,2.5437925384615383,2012
3279,80,2015-10-16,Room,13000000,14677674,36262783,2.789444846153846,2015
3285,86,2015-07-17,Bajrangi Bhaijaan,13000000,8178001,121778347,9.367565153846154,2015
3287,88,2016-09-09,Robinson Crusoe,13000000,8005586,42446455,3.265111923076923,2016
3313,14,2013-03-15,The Call,12800000,51872378,69821476,5.4548028125,2013
3314,15,2016-08-05,Operation Chromite,12700000,1022720,49196532,3.8737426771653545,2016
3342,43,2014-06-06,The Fault in Our Stars,12000000,124872350,307166834,25.597236166666665,2014
3344,45,2012-04-20,Think Like a Man,12000000,91547205,113373764,9.447813666666667,2012
3345,46,2014-04-16,Heaven is for Real,12000000,91386097,100916299,8.409691583333334,2014
3351,52,2012-02-24,Act of Valor,12000000,70012847,82497035,6.874752916666667,2012
3354,55,2012-02-03,Chronicle,12000000,64575175,123681790,10.306815833333333,2012
3357,58,2012-03-02,Project X,12000000,54731865,103028188,8.585682333333333,2012
3358,59,2017-11-10,Three Billboards Outside Ebbing Missouri,12000000,54513740,160191915,13.34932625,2017
3359,60,2016-11-25,Lion,12000000,51739495,149570720,12.464226666666667,2016
3360,61,2018-05-04,Overboard,12000000,50316123,85369830,7.1141525,2018
3364,65,2013-11-22,Philomena,12000000,37709979,98963392,8.246949333333333,2013
3367,68,2015-07-24,Paper Towns,12000000,32000304,85450484,7.120873666666666,2015
3376,77,2016-08-12,Hell or High Water,12000000,27007844,37584304,3.1320253333333334,2016
3378,79,2012-07-05,Katy Perry: Part of Me,12000000,25326071,32700439,2.7250365833333334,2012
3379,80,2014-12-12,Top Five,12000000,25317379,26001741,2.16681175,2014
3383,84,2015-01-30,Project Almanac,12000000,22348241,32909437,2.7424530833333334,2015
3390,91,2013-11-15,Nebraska,12000000,17654912,24761360,2.0634466666666667,2013
3394,95,2013-11-01,About Time,12000000,15323921,89309178,7.4424315,2013
3408,9,2012-09-14,Arbitrage,12000000,7919574,35830713,2.98589275,2012
3422,23,2013-11-15,La grande bellezza,12000000,2883879,29549145,2.46242875,2013
3456,57,2016-09-23,The Dressmaker,11900000,2022115,24041617,2.020303949579832,2016
3459,60,2015-11-20,Carol,11800000,12711491,42843521,3.6308068644067797,2015
3461,62,2016-01-22,Dirty Grandpa,11500000,35593113,105078449,9.137256434782609,2016
3472,73,2014-08-22,If I Stay,11000000,50474843,78356170,7.1232881818181815,2014
3478,79,2015-11-04,Brooklyn,11000000,38322743,62076141,5.643285545454545,2015
3480,81,2015-04-01,Woman in Gold,11000000,33307793,58586407,5.326037,2015
3482,83,2017-12-08,I Tonya,11000000,30014534,53797409,4.890673545454545,2017
3485,86,2019-02-14,Fighting With My Family,11000000,22958583,39049922,3.5499929090909093,2019
3489,90,2013-01-11,Quartet,11000000,18388357,56178935,5.107175909090909,2013
3493,94,2013-12-06,Inside Llewyn Davis,11000000,13248209,32943247,2.9948406363636364,2013
3499,100,2016-07-06,Sultan,11000000,5599781,72989781,6.6354346363636365,2016
3511,12,2012-11-16,Le prÃ©nom,11000000,61611,25307405,2.300673181818182,2012
3512,13,2015-05-08,La famille BÃ©lier,11000000,0,82438670,7.494424545454545,2015
3517,18,2012-05-25,Les Intouchables,10800000,13182281,484873045,44.89565231481482,2012
3535,36,2018-10-19,Halloween,10000000,159342015,254900667,25.4900667,2018
3538,39,2016-08-26,Donât Breathe,10000000,89217875,158973685,15.8973685,2016
3541,42,2016-07-01,The Purge: Election Year,10000000,79042440,118514727,11.8514727,2016
3542,43,2018-05-18,Book Club,10000000,68566296,91113683,9.1113683,2018
3544,45,2018-01-05,Insidious: The Last Key,10000000,67745330,167885588,16.7885588,2018
3550,51,2015-06-05,Insidious Chapter 3,10000000,52218558,120453155,12.0453155,2015
3552,53,2017-11-03,Lady Bird,10000000,48958273,78610769,7.8610769,2017
3554,55,2012-05-04,The Best Exotic Marigold Hotel,10000000,46383639,134639780,13.463978,2012
3555,56,2018-06-08,Hereditary,10000000,44069456,70133905,7.0133905,2018
3556,57,2018-03-16,Love Simon,10000000,40826341,65520633,6.5520633,2018
3560,61,2017-10-27,Jigsaw,10000000,38052832,102445196,10.2445196,2017
3567,68,2016-01-22,The Boy,10000000,35819556,68220952,6.8220952,2016
3569,70,2017-05-19,Everything Everything,10000000,34121140,61603136,6.1603136,2017
3572,73,2015-03-06,The Second Best Exotic Marigold Hotel,10000000,33078266,90384306,9.0384306,2015
3574,75,2017-04-28,How to Be a Latin Lover,10000000,32149404,62556228,6.2556228,2017
3579,80,2018-08-10,Slender Man,10000000,30564825,51723644,5.1723644,2018
3583,84,2018-07-27,Teen Titans Go! To The Movies,10000000,29790236,51620593,5.1620593,2018
3584,85,2016-09-09,When the Bough Breaks,10000000,29747603,30768449,3.0768449,2016
3587,88,2013-08-30,One Direction: This is Us,10000000,28873374,68541786,6.8541786,2013
3590,91,2015-08-21,Sinister 2,10000000,27740955,54104225,5.4104225,2015
3591,92,2016-01-08,The Forest,10000000,26594261,40749230,4.074923,2016
3595,96,2012-08-17,Sparkle,10000000,24397469,24660323,2.4660323,2012
3596,97,2016-10-14,Kevin Hart: What Now?,10000000,23591043,23591043,2.3591043,2016
3597,98,2013-04-26,Mud,10000000,21590086,31556959,3.1556959,2013
3599,100,2017-12-01,The Disaster Artist,10000000,21120616,28717667,2.8717667,2017
3600,1,2016-09-16,Blair Witch,10000000,20777061,38985577,3.8985577,2016
3606,7,2015-10-23,Paranormal Activity: The Ghost Dimension,10000000,18297124,77959374,7.7959374,2015
3621,22,2011-11-23,My Week with Marilyn,10000000,14597405,34240572,3.4240572,2011
3622,23,2014-12-25,Big Eyes,10000000,14482031,27317872,2.7317872,2014
3638,39,2013-01-25,Movie 43,10000000,8840453,31164747,3.1164747,2013
3750,51,2012-12-19,Amour,9700000,6738954,36787044,3.792478762886598,2012
3755,56,2016-12-21,Dangal,9500000,12391761,294654618,31.01627557894737,2016
3761,62,2011-11-11,Melancholia,9400000,3030848,21817298,2.32098914893617,2011
3766,67,2011-12-31,Red Dog,9100000,0,20927794,2.299757582417582,2011
3770,71,2014-07-18,The Purge: Anarchy,9000000,71562550,111534881,12.392764555555555,2014
3774,75,2016-10-21,Ouija: Origin of Evil,9000000,35144505,81831866,9.092429555555556,2016
3777,78,2019-02-13,Happy Death Day 2U,9000000,28051045,64179495,7.131055,2019
3779,80,2015-01-30,Black or White,9000000,21571189,21971021,2.4412245555555554,2015
3785,86,2016-11-18,The Edge of Seventeen,9000000,14431633,19096003,2.121778111111111,2016
3786,87,2016-12-02,Jackie,9000000,13960394,36588512,4.065390222222222,2016
3802,3,2013-03-22,The Sapphires,9000000,2450867,20395040,2.2661155555555554,2013
3823,24,2012-05-18,Polisse,8900000,176988,22744132,2.5555204494382022,2012
3829,30,2016-11-18,Manchester by the Sea,8500000,47695371,77733867,9.145160823529412,2016
3832,33,2015-02-20,The DUFF,8500000,34030343,43528634,5.1210157647058825,2015
3833,34,2014-10-31,Nightcrawler,8500000,32381218,50334418,5.921696235294117,2014
3835,36,2019-01-16,Dragon Ball Super: Broly,8500000,30376755,122747755,14.440912352941176,2019
3837,38,2013-09-27,Baggage Claim,8500000,21569509,22885836,2.6924512941176473,2013
3838,39,2016-10-07,Middle School: The Worst Years of My Life,8500000,20007149,23311293,2.7425050588235296,2016
3849,50,2017-12-31,Posledniy bogatyr,8500000,0,30700192,3.611787294117647,2017
3853,54,2013-05-31,Yeh Jawaani Hai Deewani,8300000,3827466,50827466,6.123791084337349,2013
3871,72,2019-05-03,The Intruder,8000000,35095904,36005871,4.500733875,2019
3872,73,2011-09-30,50/50,8000000,35016118,41334735,5.166841875,2011
3874,75,2015-09-02,A Walk in the Woods,8000000,29499394,37119358,4.63991975,2015
3877,78,2014-01-31,That Awkward Moment,8000000,26068955,53068955,6.633619375,2014
3887,88,2013-09-18,Enough Said,8000000,17550872,25621449,3.202681125,2013
3890,91,2014-06-27,Begin Again,8000000,16170632,68838736,8.604842,2014
3930,31,2016-11-18,A Street Cat Named Bob,8000000,82703,17382693,2.172836625,2016
3937,38,2013-09-20,Feichang Xingyun,8000000,0,21970000,2.74625,2013
3976,77,2017-01-13,The Bye Bye Man,7400000,22395806,31187727,4.214557702702702,2017
3981,82,2011-05-27,Die Welle,7250000,0,35122948,4.844544551724138,2011
3987,88,2012-06-29,Magic Mike,7000000,113721571,170549753,24.364250428571427,2012
3989,90,2018-03-16,I Can Only Imagine,7000000,83482352,85604221,12.22917442857143,2018
3990,91,2019-03-15,Five Feet Apart,7000000,45729221,80504421,11.500631571428572,2019
3992,93,2011-05-06,Jumping the Broom,7000000,37295394,38158601,5.4512287142857145,2011
4003,4,2017-04-07,Gifted,7000000,24801212,36964656,5.280665142857143,2017
4010,11,2015-06-19,Dope,7000000,17506470,18190831,2.598690142857143,2015
4012,13,2019-05-24,BrightBurn,7000000,16794432,27989498,3.9984997142857144,2019
4013,14,2014-01-17,Devil's Due,7000000,15821461,36146087,5.163726714285715,2014
4015,16,2014-11-14,Beyond the Lights,7000000,14618727,14618727,2.0883895714285714,2014
4061,62,2014-01-28,Snezhnaya koroleva,7000000,0,15193977,2.170568142857143,2014
4072,73,2012-09-21,House at the End of the Street,6900000,31611916,44103982,6.391881449275362,2012
4083,84,2014-10-03,Annabelle,6500000,84273813,256862920,39.517372307692305,2014
4096,97,2011-12-02,Shame,6500000,4002293,20412841,3.1404370769230767,2011
4118,19,2018-05-11,Breaking In,6000000,46840590,51411620,8.568603333333334,2018
4132,33,2019-03-29,Unplanned,6000000,18107621,18107621,3.017936833333333,2019
4135,36,2019-02-08,The Prodigy,6000000,14856291,19789712,3.2982853333333333,2019
4136,37,2018-11-30,The Possession of Hannah Grace,6000000,14836174,42785387,7.130897833333333,2018
4145,46,2012-09-07,The Words,6000000,11494838,16369708,2.7282846666666667,2012
4146,47,2016-01-15,The Lady in the Van,6000000,10021175,42320503,7.053417166666667,2016
4153,54,2011-07-29,The Guard,6000000,5359774,21197454,3.532909,2011
4172,73,2011-04-29,JÃ»san-nin no shikaku,6000000,802778,18727440,3.12124,2011
4179,80,2011-03-04,Akmareul Boatda,6000000,129210,13168809,2.1948015,2011
4205,6,2012-09-07,The Inbetweeners,5700000,35955,86051320,15.096722807017544,2012
4211,12,2012-12-07,Khiladi 786,5600000,385422,14683763,2.622100535714286,2012
4217,18,2013-09-27,Don Jon,5500000,24477704,41268579,7.503378,2013
4219,20,2018-09-28,Hell Fest,5500000,11107431,18119231,3.2944056363636363,2018
4227,28,2011-04-01,Haevnen,5500000,1008098,15867314,2.8849661818181818,2011
4228,29,2011-10-21,Le Havre,5500000,611709,13480196,2.450944727272727,2011
4238,39,2013-10-11,La Vie d'AdÃ¨le â Chapitres 1 & 2,5250000,2450504,22914479,4.364662666666667,2013
4239,40,2012-04-27,Hodejegerne,5250000,1200010,20188740,3.845474285714286,2012
4245,46,2011-04-22,Dum Maaro Dum,5200000,564489,11633427,2.2371975,2011
4248,49,2017-02-24,Get Out,5000000,176040665,255367951,51.0735902,2017
4249,50,2017-01-20,Split,5000000,138141585,278964806,55.7929612,2017
4250,51,2011-10-21,Paranormal Activity 3,5000000,104028807,207039844,41.4079688,2011
4252,53,2013-09-13,Insidious Chapter 2,5000000,83586447,161921515,32.384303,2013
4253,54,2016-03-11,10 Cloverfield Lane,5000000,72082999,108286422,21.6572844,2016
4254,55,2016-07-22,Lights Out,5000000,67268835,148806510,29.761302,2016
4255,56,2015-09-11,The Visit,5000000,65206105,98677816,19.7355632,2015
4257,58,2017-10-13,Happy Death Day,5000000,55683845,125010260,25.002052,2017
4258,59,2012-10-19,Paranormal Activity 4,5000000,53900335,142817992,28.5635984,2012
4259,60,2014-10-24,Ouija,5000000,50856010,103300632,20.6601264,2014
4261,62,2013-08-30,No se Aceptan Devoluciones,5000000,44467206,100486616,20.0973232,2013
4262,63,2015-08-07,The Gift,5000000,43787265,58978477,11.7956954,2015
4263,64,2017-06-23,The Big Sick,5000000,42872467,53972860,10.794572,2017
4265,66,2019-05-31,MA,5000000,36049540,44300625,8.860125,2019
4269,70,2014-01-03,Paranormal Activity: The Marked Ones,5000000,32462372,90904854,18.1809708,2014
4271,72,2014-04-11,Oculus,5000000,27695246,44115496,8.8230992,2014
4272,73,2013-11-01,Dallas Buyers Club,5000000,27298285,60611845,12.122369,2013
4273,74,2015-08-26,No Escape,5000000,27288872,42844516,8.5689032,2015
4275,76,2015-02-27,The Lazarus Effect,5000000,25801570,38359310,7.671862,2015
4277,78,2011-08-26,Our Idiot Brother,5000000,24814830,25861249,5.1722498,2011
4278,79,2018-03-09,The Strangers: Prey at Night,5000000,24431472,29960051,5.9920102,2018
4282,83,2013-07-05,The Way Way Back,5000000,21502690,26853810,5.370762,2013
4283,84,2014-08-29,As Above So Below,5000000,21222315,41824066,8.3648132,2014
4284,85,2016-04-01,Godâs Not Dead 2,5000000,20773069,23551286,4.7102572,2016
4289,90,2016-02-19,Race,5000000,19115191,23745772,4.7491544,2016
4291,92,2015-01-16,Still Alice,5000000,18656400,41699612,8.3399224,2015
4293,94,2011-09-02,Apollo 18,5000000,17686929,26517819,5.3035638,2011
4294,95,2018-03-23,Paul Apostle of Christ,5000000,17547999,25529498,5.1058996,2018
4295,96,2014-10-10,Addicted,5000000,17390770,17499242,3.4998484,2014
4302,3,2013-03-15,Spring Breakers,5000000,14124286,31149251,6.2298502,2013
4303,4,2017-06-09,It Comes at Night,5000000,13985117,19720203,3.9440406,2017
4307,8,2016-07-15,Hillaryâs America: The Secret History of the Democratic Party,5000000,13099931,13099931,2.6199862,2016
4311,12,2017-03-03,Before I Fall,5000000,12241072,18945682,3.7891364,2017
4314,15,2016-01-29,Fifty Shades of Black,5000000,11686940,22113075,4.422615,2016
4319,20,2014-05-09,Momsâ Night Out,5000000,10429707,10537341,2.1074682,2014
4320,21,2017-03-17,The Belko Experiment,5000000,10166820,11792942,2.3585884,2017
4321,22,2016-03-11,The Perfect Match,5000000,9669521,10182050,2.03641,2016
4342,43,2011-02-25,Des Hommes et Des Dieux,5000000,3954651,46263525,9.252705,2011
4348,49,2016-03-04,The Other Side of the Door,5000000,3000342,12905107,2.5810214,2016
4353,54,2016-12-28,Paterson,5000000,2141423,10727536,2.1455072,2016
4400,1,2015-01-23,Mommy,4900000,3498695,17536004,3.5787763265306123,2015
4417,18,2012-09-14,Barfi,4600000,2804874,36751984,7.989561739130435,2012
4420,21,2011-06-24,Le nom des gens,4600000,514237,9261711,2.0134154347826088,2011
4431,32,2016-03-25,The Lobster,4500000,9196278,18019834,4.004407555555556,2016
4439,40,2011-09-02,Salvando al Soldado Perez,4500000,1400726,9330465,2.073436666666667,2011
4461,62,2016-12-31,Airlift (2016),4400000,0,9969237,2.2657356818181817,2016
4467,68,2012-07-11,Snabba Cash,4300000,188870,10212403,2.374977441860465,2012
4480,81,2015-01-23,The Boy Next Door,4000000,36006065,53401938,13.3504845,2015
4484,85,2014-07-11,Boyhood,4000000,25379975,57273049,14.31826225,2014
4488,89,2014-04-18,A Haunted House 2,4000000,17329487,21206861,5.30171525,2014
4489,90,2013-03-01,The Last Exorcism Part II,4000000,15179303,25448707,6.36217675,2013
4497,98,2016-05-13,The Darkness,4000000,10753574,10898293,2.72457325,2016
4553,54,2017-12-31,Perfectos Desconocidos,4000000,0,31166312,7.791578,2017
4590,91,2018-04-13,Truth or Dare,3500000,41411015,95127344,27.179241142857144,2018
4593,94,2016-02-19,The Witch,3500000,25138705,40454520,11.558434285714286,2016
4594,95,2018-02-02,Winchester,3500000,25091816,44378040,12.67944,2018
4596,97,2013-02-22,Dark Skies,3500000,17418667,27704111,7.9154602857142855,2013
4597,98,2018-01-19,Forever My Girl,3500000,16376066,16376066,4.678876,2018
4632,33,2013-05-17,Jagten,3450000,687185,18309793,5.307186376811594,2013
4636,37,2011-10-21,Margin Call,3400000,5353586,20433227,6.009772647058823,2011
4642,43,2014-10-10,Whiplash,3300000,13092006,38969037,11.80879909090909,2014
4653,54,2018-07-06,Sorry to Bother You,3200000,17493096,18285560,5.7142375,2018
4656,57,2011-06-03,Beginners,3200000,5790894,14314407,4.4732521875,2011
4665,66,2015-08-28,War Room,3000000,67790117,73975239,24.658413,2015
4666,67,2013-06-07,The Purge,3000000,64473115,91266581,30.422193666666665,2013
4668,69,2012-10-12,Sinister,3000000,48086903,87727807,29.242602333333334,2012
4688,89,2018-06-01,Upgrade,3000000,11977130,16553285,5.517761666666667,2018
4698,99,2013-05-24,Before Midnight,3000000,8110621,23251930,7.7506433333333336,2013
4702,3,2017-10-27,Let There Be Light,3000000,7233471,7241309,2.4137696666666666,2017
4713,14,2013-05-17,Frances Ha,3000000,4067398,11262769,3.754256333333333,2013
4720,21,2016-04-22,Compadres,3000000,3127773,7445044,2.4816813333333334,2016
4734,35,2012-09-07,Bachelorette,3000000,446770,12577401,4.192467,2012
4794,95,2015-12-31,Sardaar Ji,2700000,0,8200000,3.037037037037037,2015
4802,3,2014-05-02,Ida,2600000,3827060,15298355,5.8839826923076926,2014
4806,7,2011-12-31,La Cara Oculta,2600000,0,7033931,2.7053580769230767,2011
4811,12,2013-01-11,A Haunted House,2500000,40041683,59922558,23.9690232,2013
4812,13,2012-07-13,2016: Obamaâs America,2500000,33349941,33349941,13.3399764,2012
4813,14,2013-07-03,Kevin Hart: Let Me Explain,2500000,32244051,32327255,12.930902,2013
4821,22,2013-08-02,The Spectacular Now,2500000,6852971,6916951,2.7667804,2013
4824,25,2016-06-24,Hunt for the Wilderpeople,2500000,5205471,23845533,9.5382132,2016
4859,60,2015-03-20,Do You Believe?,2300000,12985600,14304931,6.2195352173913045,2015
4886,87,2011-09-30,Courageous,2000000,34522221,35185884,17.592942,2011
4893,94,2015-03-13,It Follows,2000000,14674077,23250755,11.6253775,2015
4894,95,2018-07-13,Eighth Grade,2000000,13539710,14341016,7.170508,2018
4896,97,2012-03-09,Silent House,2000000,12739737,16610760,8.30538,2012
4899,100,2016-04-08,Hardcore Henry,2000000,9252038,17187434,8.593717,2016
4908,9,2014-10-10,Meet the Mormons,2000000,6047363,6049171,3.0245855,2014
4910,11,2017-10-06,The Florida Project,2000000,5904366,11295324,5.647662,2017
4911,12,2017-08-25,All Saints,2000000,5802208,5941994,2.970997,2017
4919,20,2015-08-28,We Are Your Friends,2000000,3591417,10153415,5.0767075,2015
4940,41,2014-11-28,The Babadook,2000000,950792,7482387,3.7411935,2014
4961,62,2015-10-09,Knock Knock,2000000,36336,6328516,3.164258,2015
5008,9,2011-06-03,Submarine,1900000,467602,4581937,2.411545789473684,2011
5010,11,2013-02-08,ABCD (Any Body Can Dance),1900000,222098,10137234,5.335386315789473,2013
5017,18,2012-06-27,Beasts of the Southern Wild,1800000,12795746,23265132,12.925073333333334,2012
5041,42,2014-02-28,The Lunchbox,1700000,4231500,12231500,7.195,2014
5044,45,2015-12-18,Saul fia,1700000,1777043,9696537,5.703845294117647,2015
5062,63,2011-04-01,Insidious,1500000,54009150,99870886,66.58059066666667,2011
5063,64,2016-10-21,Moonlight,1500000,27854931,65245512,43.497008,2016
5069,70,2018-03-23,Unsane,1500000,7690044,14244931,9.496620666666667,2018
5076,77,2013-07-26,The To Do List,1500000,3491669,4128828,2.752552,2013
5119,20,2018-11-30,Werk ohne Autor,1400000,1303747,4331152,3.09368,2018
5120,21,2015-11-20,Mustang,1400000,845464,5552584,3.9661314285714284,2015
5150,51,2014-10-17,Dear White People,1250000,4404154,5403771,4.3230168,2014
5151,52,2013-04-19,Filly Brown,1250000,2850357,2940411,2.3523288,2013
5165,66,2013-04-19,Home Run,1200000,2859955,2859955,2.3832958333333334,2013
5172,73,2015-08-28,Que Horas Ela Volta?,1200000,376976,3249041,2.7075341666666666,2015
5189,90,2014-03-21,Godâs Not Dead,1150000,60755732,63777092,55.45834086956522,2014
5195,96,2012-03-23,Serbuan maut,1100000,4105123,9297407,8.452188181818181,2012
5211,12,2012-01-06,The Devil Inside,1000000,53262945,101759490,101.75949,2012
5213,14,2015-04-17,Unfriended,1000000,32789645,64364198,64.364198,2015
5216,17,2013-08-23,You're Next,1000000,18494006,26887177,26.887177,2013
5217,18,2012-05-25,Chernobyl Diaries,1000000,18119640,42411721,42.411721,2012
5221,22,2016-03-11,Hello My Name is Doris,1000000,14444999,14662703,14.662703,2016
5228,29,2018-07-20,Unfriended: Dark Web,1000000,8866745,16434588,16.434588,2018
5230,31,2015-09-25,The Green Inferno,1000000,7192291,12931420,12.93142,2015
5231,32,2017-02-03,I Am Not Your Negro,1000000,7123919,9617402,9.617402,2017
5232,33,2012-10-19,The Sessions,1000000,6002451,11495204,11.495204,2012
5234,35,2012-03-23,October Baby,1000000,5355847,5391992,5.391992,2012
5235,36,2014-09-12,The Skeleton Twins,1000000,5284309,5797192,5.797192,2014
5236,37,2013-06-14,20 Feet From Stardom,1000000,4946250,5892466,5.892466,2013
5238,39,2017-07-28,An Inconvenient Sequel,1000000,3496795,5839322,5.839322,2017
5240,41,2014-06-06,Obvious Child,1000000,3122616,3324070,3.32407,2014
5241,42,2011-10-21,Martha Marcy May Marlene,1000000,2981038,5438911,5.438911,2011
5253,54,2017-10-06,Visages villages,1000000,952432,4015686,4.015686,2017
5334,35,2017-05-12,Lowriders,916000,6179955,6188421,6.755918122270742,2017
5337,38,2013-07-12,Fruitvale Station,900000,16098998,17549645,19.499605555555554,2013
5338,39,2016-04-01,Meet the Blacks,900000,9097072,9097072,10.107857777777777,2016
5353,54,2012-08-03,Celeste and Jesse Forever,840000,3103407,3787689,4.5091535714285715,2012
5358,59,2011-12-30,Jodaeiye Nader az Simin,800000,7098492,24426169,30.53271125,2011
5374,75,2011-09-09,Kevin Hart: Laugh at My Pain,750000,7706436,7712436,10.283248,2011
5376,77,2012-06-08,Safety Not Guaranteed,750000,4010957,4422318,5.896424,2012
5382,83,2013-10-11,All the Boys Love Mandy Lane,750000,0,1960521,2.614028,2013
5438,39,2011-07-08,Sholem Aleichem: Laughing in the Darkness,500000,1131261,1131261,2.262522,2011
5468,69,2013-01-08,Now is Good,500000,0,2141436,4.282872,2013
5558,59,2014-10-31,All You Need Is Love,300000,0,3565259,11.884196666666666,2014
5567,68,2012-08-17,Compliance,270000,319285,830700,3.0766666666666667,2012
5571,72,2017-04-28,Sleight,250000,3930990,3934450,15.7378,2017
5573,74,2011-10-28,Like Crazy,250000,3395391,3728400,14.9136,2011
5609,10,2012-07-20,Burn,225000,1109276,1109276,4.930115555555555,2012
5617,18,2011-02-25,The Grace Card,200000,2430735,2430735,12.153675,2011
5620,21,2015-06-19,The Overnight,200000,1109808,1165996,5.82998,2015
5642,43,2011-09-23,Weekend,190000,484592,1577585,8.303078947368421,2011
5647,48,2011-07-22,Another Earth,175000,1321194,2102779,12.01588,2011
5667,68,2012-04-27,Sound of My Voice,135000,408015,429448,3.181096296296296,2012
5672,73,2012-06-15,Your Sister's Sister,120000,1597486,3090593,25.754941666666667,2012
5679,80,2015-07-10,The Gallows,100000,22764410,41656474,416.56474,2015
5685,86,2017-07-07,A Ghost Story,100000,1594798,2769782,27.69782,2017
5737,38,2016-03-18,Krisha,30000,144822,144822,4.8274,2016
5748,49,2015-09-01,Exeter,25000,0,489792,19.59168,2015
